{"cameraMode":{"drawMode":0,"name":"Shaded","section":"Shading Mode"},"sceneLighting":false,"audioPlay":false,"sceneViewState":{"showFog":true,"showMaterialUpdate":false,"showSkybox":false,"showFlares":true,"showImageEffects":true,"showParticleSystems":true},"in2DMode":false,"pivot":{"x":-7.393528938293457,"y":1.0975000858306885,"z":6.171972751617432},"rotation":{"x":0.6427084803581238,"y":-0.278392493724823,"z":0.27097558975219729,"w":0.6603001356124878},"size":3.0557165145874025,"orthographic":true}