{"cameraMode":{"drawMode":0,"name":"Shaded","section":"Shading Mode"},"sceneLighting":false,"audioPlay":false,"sceneViewState":{"showFog":true,"showMaterialUpdate":false,"showSkybox":false,"showFlares":true,"showImageEffects":true,"showParticleSystems":true},"in2DMode":false,"pivot":{"x":-0.013528704643249512,"y":1.3025181293487549,"z":-0.016864389181137086},"rotation":{"x":0.6427084803581238,"y":-0.278392493724823,"z":0.27097558975219729,"w":0.6603001356124878},"size":1.8951385021209717,"orthographic":true}